donor_id,name,blood_group,phone,lat,lon,last_donation_date,availability
D001,Deepa,B-,9907456088,13.050808,77.518771,2025-08-11,no
D002,Harish,B+,9658557190,12.895359,77.672405,2024-11-08,yes
D003,Megha,O+,9961688679,12.905833,77.591124,2024-12-07,no
D004,Sunil,B+,9134963825,13.019429,77.799911,2025-01-02,yes
D005,Arjun,B+,9917771663,12.767673,77.777487,2025-02-03,yes
D006,Anita,AB-,9258010472,12.85102,77.643737,2025-10-03,yes
D007,Sneha,O+,9551139828,12.926016,77.527668,2024-10-30,no
D008,Harish,AB+,9305843080,12.756728,77.776764,2025-04-01,no
D009,Tarun,O+,9349635199,12.826519,77.794613,2024-10-29,no
D010,Kiran,AB-,9893702669,12.794446,77.604436,2025-08-07,yes
D011,Shiva,O+,9489976436,12.966123,77.782992,2025-10-03,yes
D012,Sneha,AB-,9719768613,13.039204,77.784029,2025-10-08,yes
D013,Priya,O+,9169596320,12.855136,77.765139,2025-10-07,no
D014,Tarun,AB-,9378387306,12.807813,77.5392,2025-09-23,no
D015,Anita,AB+,9708321388,13.020081,77.775449,2024-12-07,yes
D016,Lakshmi,A-,9291729909,12.868915,77.60122,2025-10-10,yes
D017,Tarun,B+,9861834208,12.929398,77.516729,2024-12-11,yes
D018,Lakshmi,A+,9187261449,13.015174,77.461478,2025-09-14,no
D019,Shiva,AB+,9102368558,12.859108,77.743344,2025-09-11,yes
D020,Rakesh,O+,9103209659,12.862198,77.505631,2025-01-24,yes
D021,Nisha,A-,9724159533,12.980619,77.496686,2025-08-30,no
D022,Sunil,O+,9561012796,13.069503,77.567805,2024-12-13,yes
D023,Tarun,AB+,9703110538,13.099592,77.505454,2025-01-04,yes
D024,Amit,B+,9380111378,13.038631,77.66174,2024-12-11,no
D025,Deepa,A-,9103405853,12.918939,77.704223,2025-02-14,yes
D026,Tarun,B-,9394312323,12.77066,77.555837,2025-06-29,yes
D027,Amit,AB+,9509370004,13.011894,77.757906,2025-03-14,no
D028,Sneha,B-,9269971439,12.778482,77.581548,2025-10-03,no
D029,Anita,AB-,9560428819,12.853981,77.478214,2025-03-24,yes
D030,Amit,A-,9579602223,12.770909,77.722545,2025-05-31,yes
D031,Megha,A+,9367515055,13.097496,77.75981,2024-11-10,no
D032,Rakesh,O-,9645492228,13.02468,77.472491,2024-11-29,no
D033,Keerthi,AB-,9668360505,12.788437,77.720266,2025-01-05,yes
D034,Vikram,B+,9679046997,12.948404,77.74553,2025-10-09,yes
D035,Tarun,A-,9240920173,12.832205,77.582636,2025-05-12,yes
D036,Divya,A-,9233685925,12.990481,77.595212,2025-09-06,yes
D037,Tarun,AB-,9855176270,13.048656,77.454056,2025-09-28,yes
D038,Nisha,AB+,9996176358,12.922091,77.474204,2025-10-15,no
D039,Sunil,A-,9977605444,12.970948,77.69836,2024-11-19,yes
D040,Keerthi,O-,9188030540,12.75857,77.562903,2025-06-27,yes
D041,Arjun,A-,9661412790,12.963495,77.794244,2025-05-15,no
D042,Kiran,AB-,9902857936,12.950084,77.66588,2025-01-17,yes
D043,Divya,B+,9426669867,12.938871,77.477737,2025-10-10,no
D044,Rakesh,O-,9496385940,13.069687,77.580759,2025-05-07,no
D045,Sunil,B-,9971719506,13.030504,77.740625,2025-02-03,yes
D046,Kiran,A+,9438509127,12.874578,77.49304,2025-07-13,yes
D047,Sunil,A+,9615508743,12.817441,77.634502,2025-01-31,no
D048,Divya,O+,9563559557,12.785664,77.707951,2025-09-16,yes
D049,Deepa,A-,9639627253,12.980015,77.764113,2024-12-30,yes
D050,Shiva,B-,9440152985,12.751787,77.769851,2025-05-25,yes
D051,Pooja,B+,9764474406,12.958636,77.797409,2025-01-25,no
D052,Megha,AB-,9898048114,12.75242,77.597155,2025-01-06,no
D053,Priya,B+,9146427387,12.857199,77.512464,2024-11-13,no
D054,Rakesh,AB+,9295902670,12.768408,77.583432,2025-01-17,no
D055,Arjun,B+,9926262135,12.983756,77.564894,2025-05-23,yes
D056,Megha,AB-,9619315370,13.062942,77.676766,2025-06-07,no
D057,Kiran,A+,9871069358,12.942097,77.545497,2024-11-14,no
D058,Rohan,O+,9364418460,12.865993,77.693485,2025-07-13,yes
D059,Vikram,O-,9549731496,12.783971,77.759328,2025-03-30,no
D060,Harish,O-,9242058452,12.987031,77.539724,2025-01-13,yes
D061,Vikram,AB-,9607503734,12.969729,77.670301,2024-12-19,no
D062,Vikram,AB+,9718841209,12.768588,77.765962,2024-11-27,yes
D063,Kiran,B+,9134507353,12.934868,77.569076,2025-06-29,yes
D064,Priya,O+,9651743572,12.802256,77.670115,2025-02-27,no
D065,Harish,B+,9627260719,12.988723,77.488848,2025-03-01,no
D066,Deepa,B+,9329567741,13.079268,77.453634,2025-05-18,yes
D067,Pooja,O-,9748053760,13.083983,77.545652,2025-09-17,no
D068,Rohan,O-,9627628984,12.854622,77.713525,2025-02-28,no
D069,Deepa,O+,9707277611,12.785468,77.518845,2024-11-17,yes
D070,Amit,A+,9911964691,13.040941,77.71511,2025-10-13,yes
D071,Tarun,A-,9790597126,12.960755,77.45197,2025-02-07,yes
D072,Harish,AB+,9115468674,13.057079,77.541652,2025-09-30,no
D073,Shiva,AB+,9193703843,12.986655,77.505653,2025-07-29,yes
D074,Kiran,A+,9191948256,12.825515,77.776551,2025-04-21,no
D075,Lakshmi,A+,9506035505,12.83444,77.674898,2025-10-18,no
D076,Divya,O+,9538332031,12.81449,77.76079,2024-12-06,yes
D077,Tarun,O+,9719356766,12.755329,77.629435,2024-12-01,no
D078,Sunil,O-,9473093867,12.823829,77.655831,2025-06-20,yes
D079,Megha,B+,9240111935,12.952482,77.704964,2025-06-15,no
D080,Rohan,B+,9944032554,12.800133,77.536971,2024-11-03,yes
D081,Rakesh,B+,9300461410,12.934562,77.77069,2025-03-15,no
D082,Shiva,AB-,9840854081,12.848023,77.737071,2025-05-07,yes
D083,Lakshmi,A+,9737816737,13.090779,77.642223,2025-07-16,no
D084,Kiran,A-,9971280194,12.764091,77.605606,2025-05-27,yes
D085,Megha,B+,9104185146,12.847089,77.649778,2025-09-18,yes
D086,Keerthi,B-,9411377455,12.774517,77.562293,2025-03-22,no
D087,Keerthi,B+,9783231774,12.830644,77.623716,2025-06-10,no
D088,Divya,A-,9412574296,12.915534,77.57326,2025-09-24,no
D089,Megha,O-,9124473793,12.838055,77.633893,2024-11-26,yes
D090,Shiva,B+,9277705121,12.839203,77.612635,2025-03-09,yes
D091,Keerthi,A+,9626424692,12.843832,77.506272,2025-06-23,no
D092,Sunil,A-,9469167794,13.016708,77.745939,2025-04-30,no
D093,Keerthi,O+,9521280065,12.893246,77.524266,2025-03-06,yes
D094,Vikram,B-,9784591214,13.031096,77.466832,2024-12-02,no
D095,Anita,B-,9363860778,12.801709,77.675387,2025-02-19,yes
D096,Lakshmi,A-,9168517325,12.81545,77.638557,2025-07-09,no
D097,Rakesh,B-,9345995703,13.090691,77.472424,2024-10-31,yes
D098,Harish,A-,9680686077,13.076774,77.739242,2025-08-30,yes
D099,Rohan,AB-,9482164648,13.096734,77.549332,2025-08-09,yes
D100,Nisha,AB-,9214100411,13.074669,77.740752,2025-08-23,no
D101,Anita,A+,9122228587,12.838128,77.688778,2025-05-25,yes
D102,Shiva,A+,9120045670,12.977673,77.539355,2024-10-25,no
D103,Deepa,O-,9447168047,12.769025,77.572948,2025-09-30,yes
D104,Rakesh,B-,9672516197,12.99399,77.730131,2025-08-11,yes
D105,Priya,A-,9147117438,12.909227,77.537117,2024-12-21,no
D106,Tarun,O+,9623078997,12.831501,77.471025,2025-04-24,yes
D107,Rakesh,O+,9149055340,12.860465,77.540552,2025-03-20,no
D108,Kiran,B-,9975110697,13.086625,77.795934,2025-07-24,no
D109,Keerthi,B+,9408588384,12.813292,77.571182,2025-07-06,yes
D110,Priya,A+,9394318791,12.876703,77.535753,2025-02-21,yes
D111,Megha,B+,9269757121,12.938801,77.560206,2025-04-30,no
D112,Arjun,AB+,9373878210,12.78304,77.59012,2025-09-17,no
D113,Shiva,O+,9748663145,12.790016,77.459284,2024-12-08,yes
D114,Rohan,A+,9726781014,13.042294,77.454265,2024-11-20,no
D115,Tarun,AB+,9540116400,12.806337,77.644718,2025-04-12,no
D116,Vikram,AB-,9705738325,12.854778,77.645921,2025-08-22,no
D117,Priya,B-,9459344846,13.050271,77.509338,2024-10-16,no
D118,Arjun,A+,9847566105,12.814594,77.678105,2025-02-26,yes
D119,Harish,B-,9861459922,12.927526,77.484878,2025-08-18,yes
D120,Amit,O-,9906371917,12.963699,77.600794,2025-08-07,yes
D121,Sneha,A-,9157804059,12.98416,77.52126,2025-09-15,yes
D122,Tarun,AB+,9368887185,12.777977,77.666535,2025-03-05,yes
D123,Deepa,AB-,9637571784,13.033463,77.662633,2025-08-06,yes
D124,Vikram,O-,9330871494,13.078076,77.761311,2025-10-27,yes
D125,Kiran,A-,9167293949,13.084381,77.529349,2025-05-11,no
D126,Megha,A+,9175577961,12.767434,77.530776,2025-06-12,no
D127,Tarun,B-,9211759995,12.81142,77.646092,2024-11-16,yes
D128,Sneha,O-,9355088186,12.859232,77.476665,2025-01-05,no
D129,Pooja,O-,9362449257,12.896268,77.701582,2024-10-28,yes
D130,Keerthi,O+,9930969177,13.031159,77.776349,2025-09-08,yes
D131,Lakshmi,O-,9658375421,12.868391,77.684723,2025-09-06,no
D132,Megha,A-,9484437040,12.807852,77.559786,2025-09-15,yes
D133,Sneha,O+,9101711346,12.83891,77.62665,2025-08-21,yes
D134,Rakesh,O-,9675329860,12.964051,77.79176,2025-08-26,no
D135,Vikram,AB+,9619017263,13.024184,77.737965,2025-10-19,yes
D136,Anita,A-,9575905496,13.075647,77.613972,2025-01-26,no
D137,Megha,B-,9345673496,12.925091,77.647659,2025-04-29,yes
D138,Divya,AB-,9978304077,12.922206,77.481043,2025-05-14,yes
D139,Nisha,A+,9709193404,12.970423,77.701596,2025-04-06,no
D140,Keerthi,B+,9664714500,12.84155,77.556706,2025-04-13,no
D141,Shiva,O-,9261385789,12.779034,77.51201,2025-01-10,no
D142,Kiran,B-,9183196657,12.923441,77.656684,2025-03-29,no
D143,Amit,B+,9830871786,13.059093,77.709786,2025-05-26,no
D144,Arjun,B+,9791514115,12.883709,77.78476,2025-07-15,no
D145,Kiran,O+,9457668106,12.85704,77.459975,2024-11-20,no
D146,Sneha,O-,9876336533,12.825512,77.697987,2024-12-28,yes
D147,Pooja,O+,9460939792,13.039988,77.459676,2025-05-15,no
D148,Anita,A-,9457395173,12.857849,77.798549,2025-09-11,yes
D149,Rohan,A+,9181139089,12.909143,77.637036,2025-09-20,yes
D150,Vikram,B-,9798016767,13.059568,77.485221,2025-09-15,yes
D151,Keerthi,B-,9855598560,12.87806,77.600828,2024-10-13,yes
D152,Lakshmi,O-,9318403357,12.795406,77.566464,2025-04-24,yes
D153,Sneha,O+,9685307543,12.89988,77.632212,2025-08-01,no
D154,Nisha,O+,9445949205,12.757929,77.782737,2024-11-13,no
D155,Lakshmi,O+,9398489707,13.080472,77.486481,2025-02-08,yes
D156,Vikram,AB+,9521247503,12.844857,77.757159,2025-04-06,no
D157,Shiva,B+,9792217239,12.831819,77.738421,2025-02-03,yes
D158,Rakesh,AB+,9892005385,12.784732,77.61762,2025-04-25,no
D159,Sneha,B+,9139867818,12.76677,77.751783,2024-11-04,no
D160,Sunil,B+,9708005075,12.797795,77.657156,2024-10-28,no
D161,Kiran,B+,9739775759,12.811313,77.624099,2025-09-25,no
D162,Tarun,B+,9460631319,13.05065,77.463277,2025-05-19,yes
D163,Priya,AB+,9361967288,12.878448,77.47578,2024-11-02,yes
D164,Pooja,AB+,9956759232,13.09779,77.728941,2024-10-26,no
D165,Kiran,O-,9228967821,13.029593,77.760361,2025-04-02,no
D166,Deepa,B-,9748600688,12.98096,77.775262,2025-04-01,no
D167,Vikram,O-,9816053256,13.021299,77.75931,2025-06-18,no
D168,Amit,B-,9234613650,12.921293,77.557133,2025-05-19,no
D169,Lakshmi,AB-,9691410958,12.813959,77.533129,2024-10-21,yes
D170,Rohan,O-,9344745895,12.846426,77.692007,2025-10-13,no
D171,Shiva,B-,9566792545,12.865529,77.699491,2025-04-20,no
D172,Nisha,B-,9364208726,12.881435,77.593904,2025-06-17,no
D173,Megha,A+,9787672415,13.099804,77.613843,2025-06-15,no
D174,Sunil,A-,9824521172,13.096807,77.548,2025-06-20,no
D175,Tarun,B-,9201205971,12.791492,77.654181,2025-07-01,yes
D176,Priya,O-,9273974596,12.887352,77.515983,2025-06-23,no
D177,Rohan,O-,9243367827,12.786539,77.562607,2025-07-11,yes
D178,Anita,AB-,9195225289,13.055439,77.752856,2025-07-14,no
D179,Megha,A-,9881630646,12.952193,77.515058,2025-09-23,yes
D180,Pooja,O+,9754752419,12.95469,77.77112,2025-05-01,no
D181,Vikram,A-,9545461387,12.828212,77.506819,2024-11-02,no
D182,Lakshmi,B+,9543524642,13.00926,77.790322,2025-06-11,no
D183,Anita,O+,9442222536,12.930464,77.465186,2024-10-16,no
D184,Nisha,O-,9358759807,13.016554,77.493121,2025-09-01,no
D185,Arjun,A+,9353661572,12.810371,77.537754,2024-10-22,yes
D186,Amit,B-,9616110898,12.880373,77.716868,2025-04-19,no
D187,Megha,B-,9850280083,12.919787,77.780311,2025-06-12,no
D188,Vikram,B-,9913841962,13.017592,77.637173,2025-10-20,yes
D189,Nisha,O+,9573892270,12.854335,77.640385,2025-07-26,yes
D190,Tarun,AB+,9963070463,12.838905,77.471666,2025-07-27,yes
D191,Shiva,B+,9443216758,12.826842,77.635479,2025-01-10,no
D192,Sneha,O-,9612509484,12.841738,77.608455,2025-09-25,no
D193,Sunil,O+,9176952005,13.035592,77.564811,2025-08-22,yes
D194,Megha,O-,9286023431,13.020154,77.652833,2024-10-31,yes
D195,Vikram,O+,9592474791,13.077909,77.778125,2024-11-30,yes
D196,Shiva,B-,9751773760,12.973289,77.477047,2025-02-26,no
D197,Rakesh,B+,9517696281,12.767537,77.654898,2025-10-26,no
D198,Sneha,A+,9825822039,12.911272,77.551852,2025-04-12,no
D199,Priya,A+,9932254876,12.883727,77.761221,2025-06-24,yes
D200,Kiran,B-,9486518300,12.808075,77.698219,2025-10-16,no
D201,Tarun,AB-,9988930731,13.095362,77.735363,2025-08-02,yes
D202,Rakesh,O+,9778101359,12.957806,77.637671,2025-03-31,yes
D203,Priya,B+,9122717961,13.043073,77.609316,2025-08-22,yes
D204,Keerthi,O-,9458878926,12.974378,77.50747,2025-09-18,no
D205,Sneha,O-,9978480804,12.850345,77.527575,2025-01-17,no
D206,Kiran,AB+,9152870267,12.887893,77.698976,2025-07-17,yes
D207,Rohan,AB+,9384990485,13.092565,77.5642,2025-01-06,yes
D208,Deepa,AB-,9675057181,12.995482,77.503051,2025-10-20,no
D209,Amit,AB-,9220378536,12.791484,77.489653,2025-08-16,no
D210,Deepa,O+,9785306712,12.943059,77.518731,2025-05-12,yes
D211,Arjun,A-,9744118161,12.900502,77.47321,2024-10-26,yes
D212,Amit,AB-,9365987919,12.888078,77.568989,2025-04-15,yes
D213,Keerthi,B-,9594876244,13.008639,77.764544,2025-01-12,yes
D214,Rohan,B-,9372886256,12.818436,77.593046,2025-05-24,no
D215,Kiran,A-,9185659326,12.966643,77.454123,2025-07-10,yes
D216,Tarun,A+,9898643084,12.848856,77.75217,2025-01-08,no
D217,Deepa,B-,9755659577,12.956441,77.708986,2025-06-23,yes
D218,Lakshmi,A-,9137689345,13.021052,77.511101,2025-01-02,yes
D219,Harish,A+,9926437177,12.910936,77.739662,2025-03-20,no
D220,Megha,B+,9377282490,12.782908,77.783325,2025-02-04,yes
D221,Lakshmi,O+,9424071416,12.783095,77.763526,2024-10-20,no
D222,Sneha,A+,9360856250,13.023834,77.452473,2025-09-30,no
D223,Divya,O+,9468195287,13.003991,77.542992,2025-06-25,yes
D224,Pooja,O+,9782915009,13.015176,77.752992,2025-06-23,no
D225,Shiva,O+,9670584243,12.928773,77.700744,2025-03-14,yes
D226,Arjun,B+,9369573238,13.078606,77.653698,2025-09-19,yes
D227,Lakshmi,B-,9931211671,12.927631,77.796247,2025-09-25,no
D228,Shiva,B+,9720283049,12.903332,77.685576,2025-07-06,no
D229,Pooja,A-,9343778628,12.9484,77.514776,2025-05-11,yes
D230,Amit,AB+,9318937997,12.914001,77.752798,2024-12-15,yes
D231,Arjun,B-,9668566584,13.027092,77.625771,2025-04-21,yes
D232,Anita,AB+,9113981887,12.976002,77.783964,2025-10-03,yes
D233,Lakshmi,O+,9738891159,13.020086,77.590879,2024-12-06,yes
D234,Pooja,O-,9313795228,13.029172,77.723509,2025-06-02,yes
D235,Vikram,O+,9886413543,12.78828,77.544406,2024-12-15,yes
D236,Vikram,O+,9458354912,13.05906,77.757633,2025-09-07,yes
D237,Amit,B-,9625310310,13.047951,77.596036,2025-04-08,yes
D238,Priya,B-,9925769683,12.963093,77.722817,2025-03-04,yes
D239,Anita,O-,9882330450,12.975582,77.616053,2025-08-01,yes
D240,Divya,AB-,9452148684,12.752762,77.721268,2025-01-15,yes
D241,Amit,B+,9678932422,12.756176,77.618097,2025-05-12,no
D242,Shiva,O+,9593907307,12.962224,77.558827,2025-01-11,yes
D243,Sneha,AB-,9560496574,12.888621,77.51432,2025-10-10,yes
D244,Priya,AB-,9878283649,12.918902,77.694164,2025-08-08,yes
D245,Shiva,O-,9703580265,12.757263,77.733776,2025-07-02,no
D246,Pooja,A+,9873627704,12.978577,77.541535,2025-05-20,yes
D247,Rakesh,O+,9866089310,13.072066,77.591184,2025-07-02,no
D248,Nisha,AB-,9907257755,12.981853,77.656373,2025-08-22,no
D249,Lakshmi,O+,9550106513,12.890456,77.505102,2024-12-30,no
D250,Pooja,B-,9725551123,12.96354,77.754325,2025-01-29,no
D251,Kiran,B+,9170132063,13.04545,77.705177,2024-11-23,no
D252,Divya,A-,9826442753,13.036875,77.767525,2025-08-27,yes
D253,Sunil,B+,9173644002,12.898835,77.767455,2025-06-08,no
D254,Rohan,A+,9435117666,12.901602,77.714047,2025-07-24,yes
D255,Amit,O-,9141625127,12.830109,77.717422,2025-07-15,no
D256,Divya,A-,9861610972,13.030786,77.738023,2025-04-21,no
D257,Shiva,A+,9693373512,13.054085,77.754884,2024-11-02,yes
D258,Amit,O-,9596087878,12.86419,77.545949,2025-07-23,no
D259,Shiva,O+,9334632432,13.070673,77.739016,2025-08-01,yes
D260,Rakesh,O+,9195659308,12.993156,77.589766,2024-12-16,yes
D261,Nisha,A-,9476275070,12.767684,77.535991,2025-09-01,no
D262,Arjun,B-,9251203905,12.826642,77.540998,2025-09-28,no
D263,Kiran,AB-,9233885616,12.935922,77.450332,2025-06-05,no
D264,Keerthi,O-,9655212029,13.012997,77.538054,2025-02-04,no
D265,Divya,B+,9300566677,12.841884,77.616948,2024-10-15,yes
D266,Sunil,O-,9118040143,13.048338,77.644876,2025-01-15,yes
D267,Priya,O-,9314467141,13.024128,77.455753,2025-01-29,yes
D268,Amit,A+,9549545552,13.095591,77.471093,2025-07-24,yes
D269,Pooja,B-,9533491521,12.875887,77.766362,2025-10-22,no
D270,Nisha,A-,9590993954,12.886198,77.665507,2025-08-16,no
D271,Tarun,A+,9943783760,12.897002,77.491784,2025-02-28,yes
D272,Tarun,O+,9810245806,12.805809,77.603193,2025-05-30,yes
D273,Shiva,AB-,9274984930,12.867769,77.606829,2025-06-27,no
D274,Rakesh,AB+,9975730471,13.041369,77.523034,2025-07-30,no
D275,Pooja,A-,9876260712,12.81341,77.631528,2025-08-09,yes
D276,Deepa,A-,9487903197,12.765931,77.493715,2025-08-29,yes
D277,Tarun,A-,9489128794,12.920834,77.523249,2024-11-06,no
D278,Sunil,O+,9492468351,12.810689,77.581097,2025-05-26,no
D279,Tarun,AB+,9787767964,12.849156,77.65223,2025-01-20,no
D280,Vikram,A+,9646425074,12.900893,77.616204,2025-10-22,no
D281,Sunil,AB+,9559262561,12.983979,77.520634,2025-09-22,yes
D282,Amit,O+,9128834228,13.042186,77.770012,2025-09-22,no
D283,Pooja,AB+,9273710270,12.781906,77.672974,2025-09-28,no
D284,Megha,O-,9538804767,13.07948,77.738523,2025-07-23,no
D285,Sunil,O-,9977167732,13.076636,77.694012,2024-11-01,no
D286,Sunil,AB+,9728124469,12.961841,77.774955,2025-10-11,no
D287,Sneha,B-,9234119463,12.830672,77.526506,2025-07-23,no
D288,Rohan,O-,9900267196,12.858471,77.519026,2024-10-31,yes
D289,Megha,O-,9932336502,12.93192,77.663516,2024-12-27,no
D290,Keerthi,O+,9453351149,12.946581,77.769717,2025-03-11,yes
D291,Sneha,B-,9286710813,12.9099,77.53256,2024-11-26,yes
D292,Priya,B+,9158011069,13.093581,77.791798,2025-05-09,no
D293,Harish,AB-,9229109254,12.941731,77.654031,2024-11-16,no
D294,Sneha,A+,9313629315,12.900232,77.600034,2025-09-29,yes
D295,Anita,O-,9676085405,12.758003,77.572456,2024-11-27,yes
D296,Keerthi,AB-,9202299721,12.771156,77.691005,2024-11-03,no
D297,Shiva,B+,9856559159,13.016279,77.73588,2025-09-28,no
D298,Divya,AB-,9421385089,13.09568,77.52342,2025-07-12,no
D299,Arjun,B+,9221560801,12.880117,77.535383,2025-09-28,no
D300,Megha,B-,9558380029,12.953299,77.76488,2025-07-11,yes
D301,Tarun,AB+,9829998172,12.803865,77.789596,2024-11-23,yes
D302,Tarun,AB+,9117884962,12.968193,77.517224,2025-09-04,yes
D303,Anita,O-,9630852332,13.096482,77.654009,2025-09-18,yes
D304,Vikram,O+,9900879441,12.907368,77.648742,2025-02-05,no
D305,Rohan,B+,9202043656,12.862695,77.705476,2025-04-07,yes
D306,Sneha,A-,9273711402,13.094099,77.664502,2025-01-04,no
D307,Deepa,O+,9350595970,12.934618,77.698643,2025-09-06,yes
D308,Deepa,AB+,9563313356,12.915554,77.605844,2025-05-20,yes
D309,Amit,AB-,9585301671,12.821238,77.477248,2025-04-15,yes
D310,Divya,A+,9323520062,13.083682,77.575928,2025-09-06,yes
D311,Rohan,O+,9391743917,12.862269,77.659187,2025-09-08,no
D312,Anita,A+,9857452979,12.855786,77.51509,2025-01-11,yes
D313,Keerthi,AB-,9294332726,13.060084,77.796235,2025-01-24,no
D314,Arjun,AB-,9677929957,12.856436,77.583585,2025-05-17,yes
D315,Megha,A-,9315412911,12.858735,77.706057,2025-06-20,no
D316,Divya,B+,9518758612,13.004059,77.636974,2025-04-05,yes
D317,Vikram,O+,9224512138,12.824802,77.735503,2024-12-26,no
D318,Amit,A-,9595460028,12.991371,77.661099,2025-09-30,yes
D319,Anita,O-,9154621448,13.09209,77.497192,2025-06-14,yes
D320,Anita,O+,9506672918,12.928911,77.713598,2024-10-26,yes
D321,Anita,A-,9360267781,12.776632,77.679698,2025-06-02,yes
D322,Sneha,AB+,9637284141,12.927073,77.483947,2025-05-25,yes
D323,Anita,B+,9598150509,12.982236,77.558163,2024-12-17,no
D324,Sneha,O+,9262355108,13.006904,77.637437,2024-11-10,yes
D325,Divya,A-,9544005476,12.952926,77.765592,2025-03-16,no
D326,Sneha,AB+,9869819772,12.771151,77.627897,2025-08-22,yes
D327,Rakesh,B+,9600030875,12.89254,77.674281,2024-10-16,yes
D328,Sneha,A-,9575292385,12.891115,77.543018,2025-10-21,no
D329,Keerthi,A-,9977253997,12.954191,77.707483,2025-10-22,yes
D330,Priya,AB+,9708989858,13.084332,77.468663,2025-06-04,yes
D331,Nisha,O-,9831936397,12.983839,77.615258,2025-02-25,yes
D332,Amit,B+,9850360315,12.998959,77.62024,2025-05-04,yes
D333,Sunil,B-,9133357048,13.034303,77.763094,2025-10-15,no
D334,Amit,AB-,9743506419,12.846434,77.662306,2025-05-11,no
D335,Harish,AB+,9870028770,13.091198,77.676021,2024-11-20,no
D336,Sneha,B-,9626979779,12.884794,77.574606,2025-08-27,yes
D337,Megha,A-,9238075705,13.038914,77.761899,2024-12-02,no
D338,Pooja,B-,9204708080,12.819097,77.601423,2025-05-02,yes
D339,Vikram,A+,9959339658,12.761573,77.702147,2025-04-09,yes
D340,Kiran,AB+,9559131181,13.047629,77.68458,2025-04-06,no
D341,Arjun,AB-,9109610773,12.828713,77.517699,2025-01-10,no
D342,Megha,AB-,9258093941,12.800901,77.798578,2025-04-27,yes
D343,Sunil,B+,9694972282,12.81058,77.759208,2025-06-21,no
D344,Nisha,AB+,9449497671,13.007858,77.710096,2025-05-16,no
D345,Rohan,A+,9854235849,12.95018,77.48073,2025-03-26,no
D346,Anita,AB+,9979396469,12.808341,77.451802,2025-04-10,no
D347,Lakshmi,O-,9177278886,12.848803,77.655339,2025-10-27,no
D348,Megha,A+,9454771885,12.938686,77.485342,2024-11-13,yes
D349,Kiran,B-,9571261688,12.948353,77.611758,2025-03-28,yes
D350,Pooja,A+,9349372700,13.059208,77.488872,2025-01-28,no
D351,Nisha,B+,9849711294,12.87347,77.784994,2025-06-18,yes
D352,Kiran,AB+,9717868892,13.015451,77.559973,2024-12-20,no
D353,Nisha,O-,9339242720,13.073809,77.598653,2025-09-08,no
D354,Priya,A-,9495497687,12.992335,77.759316,2024-10-26,yes
D355,Vikram,AB+,9578921331,12.998553,77.617103,2024-12-03,yes
D356,Lakshmi,O+,9416949627,12.796055,77.7597,2025-05-27,no
D357,Shiva,B-,9154421769,13.083671,77.785881,2024-11-17,yes
D358,Sneha,B-,9965664839,12.949239,77.758204,2024-11-29,yes
D359,Shiva,O-,9168332074,12.881993,77.68726,2025-05-06,no
D360,Deepa,B-,9354408152,12.947327,77.715086,2025-09-22,yes
D361,Nisha,B+,9163788353,13.094432,77.769286,2024-10-27,no
D362,Arjun,O+,9911446587,12.945823,77.64347,2025-06-22,yes
D363,Amit,AB+,9686365834,12.795099,77.710414,2025-10-17,no
D364,Priya,B+,9392520906,13.083513,77.797357,2025-05-30,no
D365,Tarun,O+,9659641555,12.835236,77.742101,2025-07-29,no
D366,Vikram,B+,9950902773,12.936543,77.770036,2025-08-11,yes
D367,Pooja,O-,9451071851,13.004466,77.466066,2025-01-29,yes
D368,Pooja,A-,9651087634,13.061426,77.64101,2025-05-03,yes
D369,Lakshmi,AB-,9645989398,12.79603,77.509898,2024-12-20,yes
D370,Arjun,A+,9782466863,12.873801,77.503121,2025-02-17,yes
D371,Divya,O-,9890452765,13.098002,77.549743,2024-12-08,no
D372,Nisha,A-,9319489950,13.028082,77.58126,2025-07-14,yes
D373,Sneha,O+,9666320230,12.914228,77.617004,2025-04-11,yes
D374,Pooja,A-,9341357923,13.030595,77.768471,2025-06-19,no
D375,Shiva,B-,9852727952,12.863614,77.580525,2025-03-29,no
D376,Megha,AB+,9181147623,12.851033,77.6373,2025-10-21,yes
D377,Amit,A+,9666130086,12.869421,77.794189,2025-01-14,yes
D378,Harish,AB+,9914984382,12.942446,77.594851,2024-12-13,yes
D379,Amit,O+,9945777580,12.891214,77.461604,2025-03-20,no
D380,Anita,O+,9984844095,12.872269,77.722175,2025-10-09,yes
D381,Rohan,A+,9447825440,12.96604,77.582209,2025-06-28,no
D382,Harish,AB+,9502616656,12.836522,77.712716,2025-10-13,yes
D383,Amit,AB-,9347429043,13.056783,77.757121,2025-04-26,no
D384,Megha,A+,9208127955,12.949877,77.641698,2025-09-15,yes
D385,Sneha,AB+,9146004270,12.949775,77.472796,2025-01-30,yes
D386,Rohan,AB+,9148543060,12.999298,77.799389,2025-10-27,yes
D387,Vikram,A-,9834138523,13.069419,77.719031,2024-11-16,no
D388,Divya,AB-,9932426870,12.825132,77.619424,2025-02-05,no
D389,Rohan,B+,9178384382,12.900772,77.759715,2025-05-24,yes
D390,Nisha,B+,9499339825,12.965743,77.637336,2024-10-29,no
D391,Keerthi,AB+,9814628467,12.900633,77.626572,2024-12-25,no
D392,Sunil,A-,9751148974,12.786116,77.637224,2024-11-15,yes
D393,Amit,AB-,9626557467,12.976896,77.746498,2025-08-04,yes
D394,Priya,AB+,9577278341,13.006066,77.471406,2025-08-09,no
D395,Sunil,AB-,9794623108,12.762356,77.785609,2025-08-24,yes
D396,Shiva,A+,9323894501,12.982794,77.475765,2025-02-23,no
D397,Shiva,A-,9439118704,12.772169,77.700947,2025-07-01,yes
D398,Kiran,A-,9515664676,12.840124,77.616119,2025-09-18,yes
D399,Priya,AB-,9872983494,13.048034,77.564688,2025-07-19,yes
D400,Nisha,A-,9565634262,13.071079,77.764286,2024-12-04,yes
D401,Vikram,O+,9443319272,12.788827,77.775178,2025-09-21,yes
D402,Sunil,A+,9126651660,12.845984,77.597438,2025-04-27,yes
D403,Amit,A-,9270646581,12.785707,77.60843,2025-01-03,no
D404,Lakshmi,O+,9834611209,12.805512,77.525847,2025-03-08,yes
D405,Nisha,B-,9126532685,12.802349,77.774132,2025-06-11,yes
D406,Tarun,B-,9494761468,12.939746,77.631396,2024-12-31,yes
D407,Arjun,AB+,9986332317,12.884213,77.714932,2025-02-23,yes
D408,Amit,A+,9319381459,13.047343,77.551414,2025-01-19,yes
D409,Kiran,O+,9533080353,13.01263,77.465719,2025-07-18,yes
D410,Rakesh,A+,9199557152,13.09168,77.626313,2024-10-22,yes
D411,Rohan,B+,9656773198,13.069744,77.740402,2025-07-15,no
D412,Kiran,O+,9900790214,13.019221,77.656019,2025-04-18,yes
D413,Megha,AB+,9165362676,12.971776,77.468653,2025-02-18,yes
D414,Tarun,O+,9468662038,12.974155,77.658731,2025-07-30,yes
D415,Sneha,A-,9931492930,12.904819,77.736342,2025-02-17,yes
D416,Anita,O+,9697953373,13.006891,77.615428,2025-03-03,no
D417,Harish,AB-,9655551522,12.772203,77.693614,2025-06-14,yes
D418,Rohan,AB-,9530223142,13.053766,77.497825,2024-10-12,yes
D419,Rohan,A+,9956593048,12.769209,77.566684,2024-11-06,yes
D420,Harish,A+,9472788878,13.076624,77.798694,2025-10-03,yes
D421,Arjun,O-,9516316213,12.978003,77.783638,2025-04-20,no
D422,Rakesh,AB+,9329961380,12.799216,77.545271,2025-02-14,no
D423,Shiva,B+,9332729683,12.758702,77.709339,2024-12-25,no
D424,Keerthi,AB-,9554397690,12.855996,77.56814,2025-05-01,yes
D425,Priya,A+,9748143711,12.782109,77.758751,2025-09-12,no
D426,Anita,O+,9376309033,12.815196,77.468817,2025-02-12,no
D427,Pooja,AB-,9164477652,12.778512,77.566013,2024-12-03,yes
D428,Shiva,B-,9194383473,12.777705,77.681341,2025-03-14,no
D429,Vikram,B+,9674464391,13.014256,77.502495,2025-04-26,yes
D430,Nisha,B+,9953820920,12.893399,77.755034,2025-05-10,no
D431,Rohan,A-,9501097673,12.829752,77.664287,2025-10-20,no
D432,Rakesh,B+,9619278242,12.975277,77.506087,2025-09-15,yes
D433,Sneha,O+,9238899564,12.755954,77.50798,2025-01-27,no
D434,Amit,AB-,9153497195,13.0088,77.643306,2025-10-16,yes
D435,Pooja,AB+,9535976617,12.963821,77.583893,2025-01-07,no
D436,Rohan,AB-,9721171019,13.06722,77.661029,2025-02-16,no
D437,Vikram,A-,9873820215,12.947016,77.47312,2025-08-18,yes
D438,Priya,O+,9591834908,12.795796,77.715622,2025-02-14,no
D439,Vikram,B+,9496802355,12.973129,77.797778,2025-08-11,yes
D440,Shiva,AB+,9580919717,12.808629,77.784076,2025-03-21,no
D441,Amit,B+,9302934082,12.950376,77.530663,2025-10-20,yes
D442,Priya,AB+,9395782756,12.764256,77.765191,2025-03-22,no
D443,Megha,B+,9933565203,12.762255,77.741605,2025-03-31,yes
D444,Priya,AB-,9199109822,13.046855,77.634209,2024-12-08,yes
D445,Kiran,A+,9473483332,12.903615,77.763488,2025-07-08,yes
D446,Rakesh,B+,9722466981,12.997597,77.63776,2025-03-12,yes
D447,Tarun,AB+,9922358621,12.835738,77.773264,2025-06-10,yes
D448,Anita,B-,9809393155,12.805792,77.733442,2025-05-23,no
D449,Tarun,B+,9286963943,13.040736,77.564961,2025-06-01,yes
D450,Rohan,A+,9571047115,13.077682,77.687478,2025-06-20,no
D451,Priya,A-,9858398903,13.062643,77.749646,2025-03-31,yes
D452,Harish,AB-,9988926658,13.057871,77.671104,2025-07-22,yes
D453,Rakesh,AB+,9760918275,12.775141,77.639408,2025-08-29,no
D454,Sneha,O-,9773026269,12.764973,77.571803,2025-05-13,yes
D455,Anita,AB+,9431650809,12.921883,77.478667,2025-03-18,no
D456,Divya,A-,9788331048,13.056633,77.511102,2024-12-01,yes
D457,Amit,A-,9460401020,12.921159,77.501316,2024-10-15,no
D458,Arjun,B-,9207230169,12.810422,77.769126,2025-10-15,no
D459,Amit,B-,9828135049,12.881516,77.537855,2025-05-10,no
D460,Keerthi,B+,9409252748,13.057373,77.621688,2025-02-23,yes
D461,Sneha,B+,9673025894,13.019875,77.596055,2024-12-21,yes
D462,Harish,AB+,9669830955,12.96384,77.477737,2025-01-28,yes
D463,Sneha,O-,9354113239,12.878563,77.56036,2025-07-30,no
D464,Deepa,AB+,9801916715,13.03956,77.620636,2025-07-26,no
D465,Priya,AB+,9381830727,13.04765,77.634172,2024-11-15,yes
D466,Nisha,A-,9719685913,12.869013,77.596976,2025-07-03,no
D467,Kiran,AB+,9229171999,12.992895,77.786213,2025-06-04,yes
D468,Harish,AB+,9330743871,12.892618,77.639938,2025-03-19,no
D469,Anita,A-,9673249166,12.981232,77.602915,2025-08-03,no
D470,Tarun,B+,9731925037,12.808679,77.614657,2025-04-18,yes
D471,Amit,O+,9336693083,12.890262,77.555747,2025-06-01,no
D472,Divya,O-,9622527728,12.848686,77.712844,2025-03-15,no
D473,Sunil,B-,9757945398,12.979888,77.596389,2025-01-28,no
D474,Priya,B+,9368974215,13.010402,77.799239,2025-07-31,no
D475,Pooja,O+,9207081006,12.789169,77.482662,2025-07-13,no
D476,Sunil,B+,9167642298,13.040675,77.644616,2025-08-21,no
D477,Pooja,B+,9904105705,12.865049,77.599436,2025-09-11,no
D478,Shiva,AB+,9548093154,12.970668,77.658574,2025-04-08,no
D479,Tarun,AB+,9719353334,12.938574,77.728778,2025-10-27,yes
D480,Tarun,B+,9323117421,12.839353,77.673832,2024-10-17,yes
D481,Shiva,AB-,9773306092,13.051974,77.596327,2025-02-18,yes
D482,Amit,A+,9920534131,12.800738,77.707178,2025-01-27,no
D483,Pooja,B-,9482557593,13.004212,77.569101,2024-10-25,no
D484,Vikram,A+,9804343152,13.072505,77.52096,2025-03-13,no
D485,Vikram,O+,9826719095,13.032346,77.527078,2024-11-23,no
D486,Megha,B+,9620448431,12.76227,77.659539,2025-08-11,no
D487,Deepa,B+,9571379839,12.859294,77.494031,2024-11-18,no
D488,Nisha,A-,9430031500,12.815021,77.751982,2024-12-13,no
D489,Arjun,AB+,9569249298,12.873311,77.617006,2025-09-23,no
D490,Shiva,AB-,9246311637,12.876804,77.734734,2025-05-02,no
D491,Keerthi,O+,9547635612,13.012534,77.669729,2025-03-10,no
D492,Nisha,AB+,9998394576,12.789161,77.503883,2024-10-23,no
D493,Nisha,A+,9815511344,12.961135,77.696425,2025-03-10,no
D494,Lakshmi,A-,9451674326,12.759832,77.652324,2025-01-14,yes
D495,Sunil,AB+,9519856750,12.867836,77.754961,2025-06-21,yes
D496,Shiva,AB-,9817916755,12.838009,77.496952,2025-03-20,no
D497,Rohan,AB+,9275771067,12.910531,77.680066,2025-09-14,no
D498,Nisha,AB+,9167776676,12.972698,77.660708,2025-06-21,no
D499,Kiran,O-,9363619533,12.805326,77.533811,2024-12-31,no
D500,Tarun,B-,9995528317,12.781359,77.751766,2025-09-22,no
