request_id,hospital_id,required_blood_group,units_needed,timestamp,lat,lon,urgency_level
R001,H006,B+,3,2025-11-10 14:05:34.859843,12.9352,77.6964,Medium
R002,H006,B-,3,2025-10-27 11:05:34.859864,12.9352,77.6964,Medium
R003,H006,AB-,6,2025-11-16 07:05:34.859882,12.9352,77.6964,High
R004,H002,A-,4,2025-11-13 02:05:34.859888,12.9604,77.6485,Low
R005,H001,B+,2,2025-11-15 16:05:34.859893,12.9063,77.6016,High
R006,H003,AB-,5,2025-11-08 14:05:34.859898,13.0352,77.597,High
R007,H004,O+,1,2025-11-01 01:05:34.859905,12.925,77.5938,Medium
R008,H006,A+,3,2025-11-04 05:05:34.859912,12.9352,77.6964,Low
R009,H004,AB+,1,2025-11-03 07:05:34.859918,12.925,77.5938,High
R010,H004,B+,1,2025-11-02 00:05:34.859924,12.925,77.5938,Medium
R011,H005,O-,1,2025-11-03 03:05:34.859929,12.798,77.691,Low
R012,H001,B-,4,2025-10-28 07:05:34.859934,12.9063,77.6016,High
R013,H004,O-,6,2025-11-15 18:05:34.859939,12.925,77.5938,Medium
R014,H003,AB+,3,2025-11-10 20:05:34.859943,13.0352,77.597,High
R015,H002,B+,5,2025-11-11 17:05:34.859948,12.9604,77.6485,Low
R016,H006,A+,3,2025-11-07 21:05:34.859952,12.9352,77.6964,High
R017,H001,B-,6,2025-11-14 05:05:34.859957,12.9063,77.6016,High
R018,H003,B+,1,2025-11-13 06:05:34.859961,13.0352,77.597,High
R019,H001,A-,5,2025-11-06 23:05:34.859966,12.9063,77.6016,High
R020,H005,AB+,6,2025-10-30 12:05:34.859971,12.798,77.691,High
R021,H004,AB+,3,2025-11-16 07:05:34.859979,12.925,77.5938,Medium
R022,H004,O-,6,2025-11-02 09:05:34.859986,12.925,77.5938,Medium
R023,H001,AB-,6,2025-11-09 19:05:34.859994,12.9063,77.6016,Medium
R024,H003,A+,6,2025-10-28 14:05:34.860012,13.0352,77.597,High
R025,H005,AB+,3,2025-11-12 22:05:34.860017,12.798,77.691,High
R026,H004,A-,6,2025-11-10 15:05:34.860024,12.925,77.5938,Medium
R027,H003,A-,1,2025-11-07 06:05:34.860032,13.0352,77.597,Medium
R028,H001,AB+,5,2025-11-04 17:05:34.860039,12.9063,77.6016,Medium
R029,H002,B+,4,2025-11-09 10:05:34.860057,12.9604,77.6485,Medium
R030,H006,O+,1,2025-11-12 08:05:34.860063,12.9352,77.6964,High
R031,H002,AB-,1,2025-11-06 23:05:34.860067,12.9604,77.6485,Medium
R032,H003,O-,2,2025-11-06 22:05:34.860072,13.0352,77.597,High
R033,H002,B-,6,2025-11-15 05:05:34.860077,12.9604,77.6485,Medium
R034,H006,AB-,5,2025-11-09 04:05:34.860082,12.9352,77.6964,Medium
R035,H002,O+,4,2025-11-07 10:05:34.860087,12.9604,77.6485,High
R036,H005,AB+,2,2025-10-30 01:05:34.860092,12.798,77.691,High
R037,H002,AB-,5,2025-11-01 03:05:34.860096,12.9604,77.6485,Medium
R038,H005,AB-,2,2025-11-15 15:05:34.860115,12.798,77.691,Medium
R039,H004,O+,4,2025-10-31 09:05:34.860120,12.925,77.5938,Low
R040,H001,AB+,6,2025-11-16 02:05:34.860124,12.9063,77.6016,Medium
R041,H006,O+,4,2025-11-08 04:05:34.860129,12.9352,77.6964,Low
R042,H004,O+,4,2025-11-02 07:05:34.860134,12.925,77.5938,High
R043,H006,AB-,4,2025-10-30 17:05:34.860138,12.9352,77.6964,Low
R044,H004,AB+,3,2025-11-06 11:05:34.860143,12.925,77.5938,Medium
R045,H005,B+,6,2025-11-01 10:05:34.860148,12.798,77.691,Medium
R046,H006,B+,3,2025-11-10 00:05:34.860153,12.9352,77.6964,High
R047,H006,O+,6,2025-11-06 20:05:34.860158,12.9352,77.6964,Low
R048,H005,O-,2,2025-11-02 08:05:34.860163,12.798,77.691,Low
R049,H002,A-,6,2025-11-16 06:05:34.860168,12.9604,77.6485,Low
R050,H006,AB-,5,2025-11-07 04:05:34.860172,12.9352,77.6964,Medium
R051,H002,A-,5,2025-11-07 09:05:34.860177,12.9604,77.6485,Medium
R052,H003,AB-,6,2025-10-28 19:05:34.860181,13.0352,77.597,Low
R053,H002,O-,2,2025-11-12 04:05:34.860187,12.9604,77.6485,Medium
R054,H003,O+,2,2025-11-01 20:05:34.860191,13.0352,77.597,High
R055,H003,A+,4,2025-11-02 21:05:34.860197,13.0352,77.597,High
R056,H003,B+,5,2025-10-29 23:05:34.860202,13.0352,77.597,Low
R057,H005,B-,3,2025-11-05 11:05:34.860206,12.798,77.691,High
R058,H004,O-,1,2025-11-07 02:05:34.860211,12.925,77.5938,Medium
R059,H004,B-,6,2025-11-07 20:05:34.860216,12.925,77.5938,Medium
R060,H006,O-,3,2025-11-06 10:05:34.860221,12.9352,77.6964,Medium
R061,H002,A-,6,2025-11-13 19:05:34.860225,12.9604,77.6485,Medium
R062,H002,B-,4,2025-11-11 20:05:34.860230,12.9604,77.6485,Medium
R063,H001,B-,1,2025-11-16 01:05:34.860235,12.9063,77.6016,High
R064,H005,AB+,5,2025-11-02 08:05:34.860239,12.798,77.691,High
R065,H001,AB+,3,2025-10-29 20:05:34.860244,12.9063,77.6016,High
R066,H005,A+,4,2025-11-14 10:05:34.860249,12.798,77.691,Low
R067,H005,B+,6,2025-11-05 21:05:34.860254,12.798,77.691,Low
R068,H004,AB-,1,2025-11-04 09:05:34.860258,12.925,77.5938,Medium
R069,H001,O-,1,2025-11-02 15:05:34.860263,12.9063,77.6016,Medium
R070,H004,AB+,1,2025-11-02 12:05:34.860268,12.925,77.5938,Medium
R071,H006,B-,4,2025-10-30 09:05:34.860272,12.9352,77.6964,High
R072,H006,B-,1,2025-11-12 20:05:34.860277,12.9352,77.6964,Low
R073,H003,B-,2,2025-11-11 04:05:34.860282,13.0352,77.597,High
R074,H002,A-,3,2025-11-05 11:05:34.860286,12.9604,77.6485,High
R075,H005,A-,3,2025-11-03 20:05:34.860291,12.798,77.691,Medium
R076,H006,B-,5,2025-10-28 13:05:34.860295,12.9352,77.6964,Low
R077,H001,O-,3,2025-11-08 18:05:34.860300,12.9063,77.6016,High
R078,H005,O+,5,2025-10-27 14:05:34.860305,12.798,77.691,Medium
R079,H005,AB-,3,2025-10-31 15:05:34.860309,12.798,77.691,Low
R080,H001,O-,6,2025-11-06 11:05:34.860314,12.9063,77.6016,Medium
R081,H003,O+,3,2025-11-05 15:05:34.860319,13.0352,77.597,High
R082,H001,AB+,3,2025-11-07 14:05:34.860324,12.9063,77.6016,High
R083,H006,AB+,2,2025-11-04 06:05:34.860329,12.9352,77.6964,High
R084,H003,O+,4,2025-10-30 21:05:34.860333,13.0352,77.597,High
R085,H004,B+,3,2025-11-12 13:05:34.860338,12.925,77.5938,High
R086,H004,AB-,1,2025-11-07 19:05:34.860343,12.925,77.5938,Medium
R087,H003,AB-,2,2025-10-28 14:05:34.860347,13.0352,77.597,High
R088,H004,B+,5,2025-11-01 12:05:34.860352,12.925,77.5938,Low
R089,H001,O+,6,2025-10-30 13:05:34.860356,12.9063,77.6016,High
R090,H003,O+,4,2025-11-11 03:05:34.860361,13.0352,77.597,Medium
R091,H003,B-,1,2025-11-15 17:05:34.860366,13.0352,77.597,High
R092,H003,O+,3,2025-11-13 17:05:34.860371,13.0352,77.597,Medium
R093,H004,A-,1,2025-11-14 19:05:34.860375,12.925,77.5938,Medium
R094,H002,O-,5,2025-11-06 16:05:34.860380,12.9604,77.6485,Medium
R095,H003,O-,3,2025-10-30 00:05:34.860384,13.0352,77.597,High
R096,H002,AB+,2,2025-11-09 13:05:34.860390,12.9604,77.6485,Medium
R097,H004,B-,6,2025-10-27 21:05:34.860394,12.925,77.5938,Low
R098,H006,AB-,1,2025-11-05 05:05:34.860399,12.9352,77.6964,Medium
R099,H001,O+,5,2025-11-04 10:05:34.860404,12.9063,77.6016,Medium
R100,H005,A-,5,2025-10-29 15:05:34.860409,12.798,77.691,Low
